Term;Abbreviation
Acrylonitrile/butadiene plastics;AB
Acrylonitrile-butadiene-acrylate plastics;ABA
Acrylonitrile-butadiene-styrene plastics;ABS
Acrylonitrile-chlorinated polyethylene-styrene plastics;ACPES
Acrylonitrile-ethylene-styrene plastics;AES
Acrylonitrile-methyl acrylate-acrylonitrile-butadiene rubber;AMAB
Acrylonitrile-methyl methacrylate plastics;AMMA
Acrylonitrile-styrene-acrylate plastics;ASA
Acrylonitrile/ethylene-propylene-diene/styrene;AEPDMS
Aromatic polyester;ARP
Carboxymethyl cellulose;CMC
Casein;CS
Caseine-formaldehyde resin;CSF
Cellulose acetate;CA
Cellulose acetate-butyrate;CAB
Cellulose acetate propionate;CAP
Cellulose formaldehyde;CEF
Cellulose nitrate;CN
Cellulose plastics;CE
Cellulose propionate;CP
Cellulose triacetate;CTA
Chlorinated poly(vinyl chloride);CPVC
Chlorinated polyethylene;CPE
Cresol-formaldehyde resin;CF
Epoxy;EP
Ethyl cellulose;EC
Ethylene acrylate;EA
Ethylene-chlorotrifluoroethylene copolymer;E-CTFE
Ethylene-ethyl acrylate plastics;EEA
Ethylene-methacrylic acid plastics;EMA
Ethylene-propylene polymer;EPM
Ethylene-propylene-diene plastics;EPD
Ethylene-tetrafluoroethylene copolymer;ETFE
Ethylene-vinyl acetate plastics;EVA
Ethylene-vinyl alcohol copolymer;EVOH
Fluorocarbon perfluoromethoxy;MPA
Furan formaldehyde resin;FF
General purpose polystyrene;GPPS
High density polyethylene plastics;HDPE
High impact-resistant polystyrene;HIPS
Impact resistant polystyrene;IPS
Linear low density polyethylene plastics;LLDPE
Linear medium density polyethylene plastics;LMDPE
Liquid crystal polymer;LCP
Low density polyethylene plastics;LDPE
Medium density polyethylene plastics;MDPE
Melamine-formaldehyde resin;MF
Melamine/phenol-formaldehyde resin;MPF
Methacrylate-butadiene-styrene plastics;MBS
Methyl cellulose;MC
Methyl methacrylate-acrylonitrile-butadiene-styrene resin;MMABS
Nylon;PA
Perfluoro(alkoxy alkane);PFA
Perfluoro(ethylene-propylene) copolymer;FEP
Perfluoromethoxy resin;MFA
Phenol-formaldehyde resin;PF
Phenol-furfural resin;PFF
Poly(acrylic acid);PAA
Poly(allyl diglycol carbonate);PADC
Poly(aryl ether ketone);PAEK
Poly(butyl acrylate);PBA
Poly(butylene adipate-co-succinate);PBAS
Poly(butylene adipate-co-terephthalate);PBAT
Poly(butylene succinate);PBS
Poly(butylene terephthalate);PBT
Poly(cyclohexylenedimethylene cyclohexandicarboxylate);PCCE
Poly(cyclohexylenedimethylene terephthalate);PCT
Poly(cyclohexylenedimethylene terephthalate);PCTA
Poly(cyclohexylenedimethylene terephthalate);PCTG
glycol;PCTG
Poly(diallyl phthalate);PDAP
Poly(ester urethane);PAUR
Poly(ether block amide);PEBA
Poly(ether sulfone);PES
Poly(ether urethane);PEUR
Poly(ethylene furanoate);PEF
Poly(ethylene oxide);PEOX
Poly(ethylene terephthalate);PET6
Poly(ethylene terephthalate) acid comonomer;PETA
Poly(ethylene terephthalate) glycol comonomer;PETG
Poly(lactic acid);PLA
Polylactic acid;PLA
Poly(methyl methacrylate);PMMA
Poly(methyl methacrylimide);PMMI
Poly(methyl-Î±-chloroacrylate);PMCA
Poly(phenyl sulfone);PPSU
Poly(phenylene ether);PPE
Poly(phenylene oxide);PPE
Poly(phenylene sulfide);PPS
Poly(phenylene sulfone);PPSU
Poly(propylene oxide);PPOX
Poly(vinyl acetate);PVAC
Poly(vinyl alcohol);PVOH
Poly(vinyl butyral);PVB
Poly(vinyl carbazole);PVK
Poly(vinyl chloride);PVC
Poly(vinyl chloride-acetate);PVCA
Poly(vinyl fluoride);PVF
Poly(vinyl formal);PVFM
Poly(vinyl pyrrolidone);PVP
Polyvinylpyrrolidone/1-triacontene;PVP/TA
Poly(vinylidene chloride);PVDC
Poly(vinylidene fluoride);PVDF
Poly(Îµ-caprolactone);PCL
Poly-4-methylpentene-1;PMP
Poly-Î±-methylstyrene;PMS
Poly-p-oxybenzoate;POB
Polyacrylonitrile;PAN
Polyamide;PA
Polyamide 10;PA10
Polyamide 1010;PA1010
Polyamide 11;PA11
Polyamide 12;PA12
Polyamide 1212;PA1212
Polyamide 46;PA46
Polyamide 410;PA410
Polyamide 6;PA6
Polyamide 610;PA610
Polyamide 612;PA612
Polyamide 66;PA66
Polyamide 69;PA69
Polyamide 6I;PA6I
Polyamide 6T;PA6T
Polyamide-imide;PAI
Polyarylate;PAR
Polyaryl amide;PARA
Polyarylether;PAE
Polyarylsulfone;PAS
Polybutadiene-acrylonitrile;PBAN
Polybutadiene-styrene;PBS
Polybutene-1;PB
Polycarbonate;PC
Polychlorotrifluoroethylene;PCTFE
Polyester alkyd;PAK
Polyacrylate;PAK
Polyetheretherketone;PEEK
Polyetheretherketoneketone;PEEKK
Polyetherketonetherketoneketone;PEKEKK
Polyetherketoneketone;PEKK
Polyetherimide;PEI
Polyetherketone;PEK
Polyethylene;PE
Poly(ethylene naphthalate);PEN
Polyhydroxy butyrate;PHB
Polyimide;PI
Polyimidesulfone;PISU
Polyisobutylene;PIB
Polyisocyanurate;PIR
Polyketone;PK
Polymethacrylimide;PMI
Polyoxymethylene;POM
Polyacetal;POM
Polyphenylene;PPH
Polyphthalamide;PPA
Polypropylene;PP
Homopolymer polypropylene;HPP
Random copolymer polypropylene;RPP
Impact copolymer polypropylene;CPP
Polystyrene;PS
Polysulfone;PSU
Polytetrafluoroethylene;PTFE
Polyurethane;PUR
Saturated polyester plastic;SP
Silicone plastics;SI
Styrene-Î±-methylstyrene plastic;SMS
Styrene-acrylonitrile plastic;SAN
Styrene-butadiene plastic;SB
Styrene-butadiene-styrene block copolymer;SBS
Styrene-ethylene/butylene-styrene block copolymer;SEBS
Styrene-ethylene/propylene-styrene block copolymer;SEPS
Styrene-isoprene-styrene block copolymer;SIS
Styrene-maleic anhydride plastics;S/MA
Styrene-rubber plastics;SRP
Thermoplastic elastomer;TPE
Thermoplastic elastomer ether-ester;TEEE
Thermoplastic elastomer fully crosslinked elastomer alloy;FCEA
Thermoplastic elastomer highly crosslinked thermoplastic vulcanizate;HCTPV
Thermoplastic elastomer olefinic;TEO
Thermoplastic elastomer polyether block amide;PEBA
Thermoplastic elastomer styrenic;TES
Thermoplastic elastomer styrenic saturated;TESS
Thermoplastic elastomer styrenic unsaturated;TESU
Thermoplastic polyester;TPES
Copolyester [poly(aryl terephthalate)];ARP
Polyarylate [poly(aryl terephthalate)]â€”liquid crystal polymer;PAT
Thermoplastic polyurethane;TPU
Reinforced thermoplastic polyurethane;RTPU
Thermoplastic starch;TPS
Thermoset polyurethane;TSPU
Ultra-high molecular weight polyethylene;UHMWPE
Unsaturated polyester;UP
Urea-formaldehyde resin;UF
Vinyl chloride-ethylene resin;VCE
Vinyl chloride-ethylene-methyl acrylate resin;VCEMA
Vinyl chloride-ethylene-vinyl acetate resin;VCEVAC
Vinyl chloride-methyl acrylate resin;VCMA
Vinyl chloride-methyl methacrylate resin;VCMMA
Vinyl chloride-octyl acrylate resin;VCOA
Vinyl chloride-vinyl acetate resin;VCVAC
Vinyl chloride-vinylidene chloride resin;VCVDC
Vinylidene fluoride;VDF
Acrylonitrile-butadiene-acrylate plastics + poly(methylmethacrylate);ABA+PMMA
Acrylonitrile-butadiene-acrylate plastics+poly(vinylchloride);ABA+PVC
Acrylonitrile-butadiene-acrylate plastics+polycarbonate;ABA+PC
Acrylonitrile-butadiene-styrene plastics+poly(vinylchloride);ABS+PVC
Acrylonitrile-butadiene-styrene plastics+polyphenylene sulfone;ABS+PPSU
Acrylonitrile-butadiene-styrene plastics+polytetrafluoroethylene;ABS+PTFE
Acrylonitrile-butadiene-styrene plastics+styrene maleic anhydride;ABS+SMA
Acrylonitrile-butadiene-styrene plastics+thermoplastic polyurethane;ABS+TPU
Acrylonitrile-butadiene-styrene plastics+polyamide;ABS+PA
Acrylonitrile-butadiene-styrene plastics+polycarbonate;ABS+PC
Acrylonitrile-styrene-acrylate plastics+poly(methyl methacrylate);ASA+PMMA
Acrylonitrile-styrene-acrylate plastics+polycarbonate;ASA+PC
Fully crosslinked elastomeric alloy;FCEA
Poly(butylene terephthalate)+poly(ethyleneterephthalate);PBT+PET6
Poly(butylene terephthalate)+rubber;PBT+RBR
Poly(ethylene naphthalate);PEN
Poly(ethylene terephthalate)+poly(methylmethacrylate);PET6+PMMA
Poly(ethylene terephthalate)+poly(phenylene sulfone);PET6+PPSU
Poly(ethylene terephthalate)+rubber;PET6+RBR
Poly(phenylene ether)+impact resistant polystyrene;PPE+IPS
Poly(phenylene sulfide)+polytetrafluoroethylene;PPS+PTFE
Poly(vinyl chloride)+chlorinated polyethylene;PVC+CPE
Poly(vinyl chloride)+nitrile-butadiene rubber;PVC+NBR
Poly(vinyl chloride)+poly(methyl methacrylate);PVC+PMMA
Poly(vinyl chloride) plastics+polyurethane;PVC+PUR
Polyamide (amorphous) blend;PA+
Polyamide plastics+ethylene-methacrylic acid (ionomer);PA+EMA
Polyamide+poly(phenylene ether);PA+PPE
Polyamide+polyethylene;PA+PE
Polyamide+rubber;PA+RBR
Polyamide+styrene-acrylonitrile plastics;PA+SAN
Polycarbonate+poly(butylene terephthalate);PC+PBT
Polycarbonate+poly(butylene terephthalate);PC+PBT
Polycarbonate+poly(ethylene terephthalate);PC+PET6
Polycarbonate+polyethylene;PC+PE
Polycarbonate+styrene-maleic anhydride;PC+SMA
Polycarbonate+thermoplastic polyurethane;PC+TPU
Polyoxymethylene+polytetrafluoroethylene;POM+PTFE
Polyoxymethylene+rubber;POM+RBR
Polyurethane+polyisocyanate;PUR+PIR
Styrene-maleic anhydride plastics+impact resistant polystyrene;SMA+IPS
Thermoplastic elastomer-chlorinated ethylene alloy;TECEA
Alkylsulfonic acid ester;ASE
Benzyl butyl phthalate;BBP
Benzyl octyl adipate;BOA
Benzyl 2-ethylhexyl adipate;BOA
Benzyl octyl phthalate;BOP
Benzyl 2-ethylhexyl phthalate;BOP
Di-n-octyl phthalate;DNOP
Dibutylphthalate;DBP
Dibutyl sebacate;DBS
Dicapryl phthalate;DCP
Dicylohexyl phthalate;DCHP
Didecyl phthalate;DDP
Diethyl phthalate;DEP
Diheptyl phthalate;DHP
Dihexyl phthalate;DHXP
Diisobutyl phthalate;DIBP
Diisodecyl adipate;DIDA
Diisodecyl phthalate;DIDP
Diisoheptyl phthalate;DIHP
Diisohexyl phthalate;DIHXP
Diisononyl adipate;DINA
Diisononyl phthalate;DINP
Diisooctyl adipate;DIOA
Diisooctyl phthalate;DIOP
Diisopentyl phthalate;DIPP
Diisotridecyl phthalate;DITDP
Dimethyl phthalate;DMP
Dinonyl phthalate;DNP
Dioctyl adipate;DOA
Dioctyl azelate;DOZ
Dioctyl isophthalate;DOIP
Di-2-ethylhexyl isophthalate;DOIP
Dioctyl phthalate;DOP
Dioctyl sebacate;DOS
Dioctyl terephthalate;DOTP
Di-2-ethylhexyl terephthalate;DOTP
Diphenyl octyl phosphate;DPOF
Diphenyl cresyl phosphate;DPCF
Diphenyl 2-ethylhexyl phosphate;DPOF
Diundecyl phthalate;DUP
Epoxidized linseed oil;ELO
Epoxidized soya bean oil;ESO
Heptyl nonyl undecyl adipate;HNUA
Heptyl nonyl undecyl phthalate;HNUP
Hexyl octyl decyl adipate;HXODA
Hexyl octyl decyl phthalate;HXODP
n-Octyl decyl trimellitate;ODTM
Nonyl undecyl adipate;NUA
Nonyl undecyl phthalate;NUP
Octyl decyl adipate;ODA
Octyl decyl phthalate;ODP
Tetraoctyl pyromellitate;TOPM
Tetra-2-ethylhexylpyromellitate;TOPM
Trichloroethyl phosphate;TCEF
Tricresyl phosphate;TCF
Tritolyl phosphate;TCF
Triheptyl trimellitate;THTM
Triisooctyl trimellitate;TIOTM
Trioctyl phosphate;TOF
Trioctyl trimellitate;TOTM
Tri-2-ethylhexyl trimellitate;TOTM
Triphenyl phosphate;TPP
Trixylyl phosphate;TXF
Adipic acid;AA
Allyl diglycol carbonate;ADC
Butanediol;BD
Chlorotrifluoroethylene;CTFE
Diallyl chlorendate (diallyl ester of 1,4,5,6,7,7-hexachlorobicyclo-(2,2,1)-5-heptene-2,3-dicarboxylic acid);DAC
Diallyl fumarate;DAF
Diallyl isophthalate;DAIP
Diallyl maleate;DAM
Diallyl phthalate (diallyl orthophthalate);DAP
Ethylene;ET
Ethylene Glycol;EG
Lactic acid;LA
Methyl methacrylate;MMA
Propylene;PR
Succinic acid;SA
p-Terephthalic acid;PTA
Tetrafluoroethylene;TFE
Triallyl cyanurate;TAC
Acrylonitrile-butadiene-acrylate plastics+poly(methyl methacrylate);ABA+PMMA
Acrylonitrile-butadiene-acrylate plastics+poly(vinyl chloride);ABA+PVC
Acrylonitrile-butadiene-acrylate plastics+polycarbonate;ABA+PC
Acrylonitrile-butadiene-acrylate plastics;ABA
Acrylonitrile-butadiene-styrene plastics+poly(vinyl chloride);ABS+PVC
Acrylonitrile-butadiene-styrene plastics+polyphenylene sulfone;ABS+PPSU
Acrylonitrile-butadiene-styrene plastics+polytetrafluoroethylene;ABS+PTFE
Acrylonitrile-butadiene-styrene plastics+styrene maleic anhydride;ABS+SMA
Acrylonitrile-butadiene-styrene plastics+thermoplastic polyurethane;ABS+TPU
Acrylonitrile/butadiene plastics;AB
Acrylonitrile-butadiene-styrene plastics+polyamide;ABS+PA
Acrylonitrile-butadiene-styrene plastics+polycarbonate;ABS+PC
Acrylonitrile-chlorinated polyethylene-styrene plastics;ACPES
Acrylonitrile-ethylene-styrene plastics;AES
Acrylonitrile-methyl acrylate-acrylonitrile-butadiene rubber;AMAB
Acrylonitrile-methyl methacrylate plastics;AMMA
Acrylonitrile-styrene-acrylate plastics+poly(methyl methacrylate);ASA+PMMA
Acrylonitrile-styrene-acrylate plastics+poly(vinyl chloride);ASA+PVC
Acrylonitrile-styrene-acrylate plastics;ASA
Acrylonitrile-styrene-acrylate plastics+polycarbonate;ASA+PC
Acrylonitrile/ethylene-propylene-diene/styrene plastics;AEPDMS
Adipic Acid;AA
Alkylsulfonic acid ester;ASE
Allyl diglycol carbonate;ADC
Aromatic polyester;ARP
Benzyl butyl phthalate;BBP
Benzyl octyl adipate (benzyl 2-ethylhexyl adipate);BOA
Benzyl octyl phthalate (benzyl 2-ethylhexyl phthalate);BOP
Butanediol;BD
Carboxymethyl cellulose;CMC
Casein;CS
Caseine-formaldehyde resin;CSF
Cellulose acetate;CA
Cellulose acetate-butyrate;CAB
Cellulose acetate-propionate;CAP
Cellulose formaldehyde;CEF
Cellulose nitrate;CN
Cellulose plastics, general;CE
Cellulose propionate;CP
Cellulose triacetate;CTA
Chlorinated poly(vinyl chloride);CPVC
Chlorinated polyethylene;CPE
Chlorotrifluoroethylene;CTFE
Cresol-formaldehyde resin;CF
Di-n-octyl phthalate;DNOP
Diallyl chlorendate (diallyl ester of 1,4,5,6,7,7-hexachlorobicyclo-(2,2,1)-5-heptene-2,3-dicarboxylic acid);DAC
Diallyl fumarate;DAF
Diallyl isophthalate;DAIP
Diallyl maleate;DAM
Diallyl phthalate (diallyl orthophthalate);DAP
Dibutyl phthalate;DBP
Dibutyl sebacate;DBS
Dicapryl phthalate;DCP
Dicyclohexyl phthalate;DCHP
Didecyl phthalate;DDP
Diethyl phthalate;DEP
Diheptyl phthalate;DHP
Dihexyl phthalate;DHXP
Diisobutyl phthalate;DIBP
Diisodecyl adipate;DIDA
Diisodecyl phthalate;DIDP
Diisoheptyl phthalate;DIHP
Diisohexyl phthalate;DIHXP
Diisononyl adipate;DINA
Diisononyl phthalate;DINP
Diisooctyl adipate;DIOA
Diisooctyl phthalate;DIOP
Diisopentyl phthalate;DIPP
Diisotridecyl phthalate;DITDP
Dimethyl phthalate;DMP
Dinonyl phthalate;DNP
Dioctyl adipate;DOA
Dioctyl azelate;DOZ
Dioctyl isophthalate (di-2-ethylhexyl isophthalate);DOIP
Dioctyl phthalate;DOP
Dioctyl sebacate;DOS
Dioctyl terephthalate (di-2-ethylhexyl terephthalate);DOTP
Diphenyl 2-ethylhexyl phosphate;DPOF
Diphenyl cresyl phosphate;DPCF
Diphenyl octyl phosphate;DPOF
Diundecyl phthalate;DUP
Epoxidized linseed oil;ELO
Epoxidized soya bean oil;ESO
Epoxy, epoxide;EP
Ethyl cellulose;EC
Ethylene;ET
Ethylene acrylate;EA
Ethylene-chlorotrifluoroethylene copolymer;E-CTFE
Ethylene-ethyl acrylate plastics;EEA
Ethylene Glycol;EG
Ethylene-methacrylic acid plastics;EMA
Ethylene-propylene polymer;EPM
Ethylene-propylene-diene plastics;EPD
Ethylene-tetrafluoroethylene copolymer;ETFE
Ethylene-vinyl acetate plastics;EVA
Ethlene-vinyl alcohol copolymer;EVOH
Fluorocarbon perfluoromethoxy;MPA
Fully crosslinked elastomeric alloy;FCEA
Furan-formaldehyde resin;FF
General purpose;GP
General purpose polystyrene;GPPS
Heptyl nonyl undecyl adipate;HNUA
Heptyl nonyl undecyl phthalate;HNUP
Hexyl octyl decyl adipate;HXODA
Hexyl octyl decyl phthalate;HXODP
High density polyethylene plastics;HDPE
High impact-resistant polystyrene;HIPS
Homopolymer polypropylene;HPP
Impact copolymer polypropylene;CPP
Impact resistant polystyrene;IPS
Lactic acid;LA
Linear low density polyethylene plastics;LLDPE
Linear medium density polyethylene plastics;LMDPE
Liquid crystal polymer;LCP
Low density polyethylene plastics;LDPE
Medium density polyethylene plastics;MDPE
Melamine-formaldehyde resin;MF
Melamine/phenol-formaldehyde resin;MPF
Methacrylate-butadiene-styrene plastics;MBS
Methyl cellulose;MC
Methyl methacrylate;MMA
Methyl methacrylate-acrylonitrile-butadiene-styrene resin;MMABS
n-Octyl decyl trimellitate;ODTM
Nonyl undecyl adipate;NUA
Nonyl undecyl phthalate;NUP
Nylon;PA
Octyl decyl adipate;ODA
Octyl decyl phthalate;ODP
Perfluoro(alkoxy alkane);PFA
Perfluoro(ethylene-propylene) copolymer;FEP
Perfluoromethoxy resin;MFA
Phenol-formaldehyde resin;PF
Phenol-furfural resin;PFF
Poly(acrylic acid);PAA
Poly(allyl diglycol carbonate);PADC
Poly(aryl ether ketone);PAEK
Poly(butyl acrylate);PBA
Poly(butylene terephthalate);PBT
Poly(butylene terephthalate)+poly(ethylene terephthalate);PBT+PET6
Poly(butylene terephthalate)+poly(phenylene ether);PBT+PPE
Poly(butylene terephthalate)+rubber;PBT+RBR
Poly(cyclohexylenedimethylene cyclohexandicarboxylate), glycol and acid comonomer;PCCE
Poly(cyclohexylenedimethylene terephthalate);PCT
Poly(cyclohexylenedimethylene terephthalate), acid comonomer;PCTA
Poly(cyclohexylenedimethylene terephthalate), glycol;PCTG
Poly(diallyl phthalate);PDAP
Poly(ester urethane);PAUR
Poly(ether block amide);PEBA
Poly(ether sulfone);PES
Poly(ether urethane);PEUR
Poly(ethylene furanoate);PEF
Poly(ethylene naphthalate);PEN
Poly(ethylene oxide);PEOX
Poly(ethylene terephthalate);PET6
Poly(ethylene terephthalate)+poly(methyl methacrylate);PET6+PMMA
Poly(ethylene terephthalate)+poly(phenylene sulfone);PET6+PPSU
Poly(ethylene terephthalate) acid;PETA
Poly(ethylene terephthalate), glycol comonomer;PETG
Poly(lactic acid);PLA
Poly(methyl methacrylate);PMMA
Poly(methyl methacrylimide);PMMI
Poly(methyl-?-chloroacrylate);PMCA
Poly(phenyl sulfone);PPSU
Poly(phenylene ether);PPE
Poly(phenylene oxide);PPE
Poly(phenylene ether)+impact resistant polystyrene;PPE+IPS
Poly(phenylene sulfide);PPS
Poly(phenylene sulfide)+polytetrafluoroethylene;PPS+PTFE
Poly(phenylene sulfone);PPSU
Poly(propylene oxide);PPOX
Poly(vinyl acetate);PVAC
Poly(vinyl alcohol);PVOH
Poly(vinyl butyral);PVB
Poly(vinyl carbazole);PVK
Poly(vinyl chloride);PVC
Poly(vinyl chloride)+chlorinated polyethylene;PVC+CPE
Poly(vinyl chloride)+nitrile-butadiene rubber;PVC+NBR
Poly(vinyl chloride)+poly(methyl methacrylate);PVC+PMMA
Poly(vinyl chloride) plastics+polyurethane;PVC+PUR
Poly(vinyl chloride-acetate);PVCA
Poly(vinyl fluoride);PVF
Poly(vinyl formal);PVFM
Poly(vinyl pyrrolidone);PVP
Poly(vinylidene chloride);PVDC
Poly(vinylidene fluoride);PVDF
Poly(Îµ-caprolactone);PCL
Poly-4-methyl pentene-1;PMP
Poly-Î±-methylstyrene;PMS
Poly-p-oxybenzoate;POB
Polyacrylonitrile;PAN
Polyamide (amorphous) blend;PA+
Polyamide;PA
Polyamide 10;PA10
Polyamide 1010;PA1010
Polyamide 11;PA11
Polyamide 12;PA12
Polyamide 1212;PA1212
Polyamide 46;PA46
Polyamide 6;PA6
Polyamide 610;PA610
Polyamide 612;PA612
Polyamide 66;PA66
Polyamide 69;PA69
Polyamide 6I;PA6I
Polyamide 6T;PA6T
Polyamide plastics+ethylene-methacrylic acid(ionomer);PA+EMA
Polyamide+poly(phenylene ether);PA+PPE
Polyamide+polyethylene;PA+PE
Polyamide+rubber;PA+RBR
Polyamide+styrene-acrylonitrile plastics;PA+SAN
Polyamide-imide;PAI
Polyarylate;PAR
Polyaryl amide;PARA
Polyarylether;PAE
Polyarylsulfone;PASU
Polybutadiene-acrylonitrile;PBAN
Polybutadiene-styrene;PBS
Polybutene-1;PB
Polycarbonate;PC
Polycarbonate+poly(butylene terephthalate);PC+PBT
Polycarbonate+poly(ethylene terephthalate);PC+PC+PET6
Polycarbonate+polyethylene;PC+PE
Polycarbonate+styrene-maleic anhydride;PC+SMA
Polycarbonate+thermoplastic polyurethane;PC+TPU
Polychlorotrifluoroethylene;PCTFE
Polyester alkyd (or polyacrylate);PAK
"Polyester, thermoplastic; polyarylate [poly(arylterephthalate)]â€”liquid crystal polymer";PAT
Polyetheretherketone;PEEK
Polyetheretherketoneketone;PEEKK
Polyetherketonetherketoneketone;PEKEKK
Polyetherketoneketone;PEKK
Polyetherizmide;PEI
Polyetherketone;PEK
Polyethylene;PE
Polyhydroxy butyrate;PHB
Polyhydroxy butyrate-polyhydroxy valerate;PHBV
Polyimide;PI
Polyimidesulfone;PISU
Polyisobutylene;PIB
Polyisocyanurate;PIR
Polyketone;PK
Polymethacrylimide;PMI
Polyoxymethylene+polytetrafluoroethylene;POM+PTFE
Polyoxymethylene+rubber;POM+RBR
Polyoxymethylene, polyacetal;POM
Polyphenylene;PPH
Polyphthalamide;PPA
Polypropylene;PP
Homopolymer polypropylene;HPP
Random copolymer polypropylene;RPP
Impact copolymer polypropylene;CPP
Polystyrene;PS
Polysulfone;PSU
Polytetrafluoroethylene;PTFE
Polyurethane;PUR
Polyurethane+polyisocyanate;PUR+PIR
Propylene;PR
Random copolymer polypropylene;RPP
Saturated polyester plastic;SP
Silicone plastics;SI
Single stage;SS
Styrene-Î±-methylstyrene plastic;SMS
Styrene-acrylonitrile plastic;SAN
Styrene-butadiene plastics;SB
Styrene-butadiene-styrene block copolymer;SBS
Styrene-ethylene/butylene-styrene block copolymer;SEBS
Styrene-ethylene/propylene-styrene block copolymer;SEPS
Styrene-isoprene-styrene block copolymer;SIS
Styrene-maleic anhydride plastics+impact resistant polystyrene;SMA+IPS
Styrene-maleic anhydride plastics;S/MA
Styrene-rubber plastics;SRP
Succunic acid;SA
p-Terephthalic acid;PTA
Tetrafluoroethylene;TFE
Tetraoctyl pyromellitate (tetra-2-ethylhexyl pyromellitate);TOPM
Thermoplastic elastomer;TPE
Thermoplastic elastomer, ether-ester;TEEE
Thermoplastic elastomer, fully crosslinked elastomer alloy;FCEA
Thermoplastic elastomer, highly crosslinked thermoplastic vulcanizate;HCTPV
Thermoplastic elastomer, olefinic;TEO
Thermoplastic elastomer, polyether block amide;PEBA
Thermoplastic elastomer, styrenic;TES
Thermoplastic elastomer styrenic, saturated;TESS
Thermoplastic elastomer styrenic, unsaturated;TESU
Thermoplastic elastomer-chlorinated ethylene alloy;TECEA
Thermoplastic polyester;TPES
Thermoplastic;polyester:
Copolyester [poly(aryl terephthalate)];ARP
Polyarylate [poly(aryl terephthalate)]â€”liquid crystal polymer;PAT
Thermoplastic polyurethane;TPU
Thermoplastic polyurethane, reinforced;RTPU
Thermoplastic starch;TPS
Thermoset polyurethane;TSPU
Triallyl cyanurate;TAC
Trichlorethyl phosphate;TCEF
Tricresyl phosphate (or tritolyl phosphate);TCF
Triheptyl trimellitate;THTM
Triisooctyl trimellitate;TIOTM
Trioctyl phosphate;TOF
Trioctyl trimellitate (tri-2-ethylhexyl trimellitate);TOTM
Triphenyl phosphate;TPP
Trixylyl phosphate;TXF
Ultra-high molecular weight polyethylene;UHMWPE
Unsaturated polyester;UP
Urea-formaldehyde resin;UF
Vinyl chloride-ethylene resin;VCE
Vinyl chloride-ethylene-methyl acrylate resin;VCEMA
Vinyl chloride-ethylene-vinyl acetate resin;VCEVAC
Vinyl chloride-methyl acrylate resin;VCMA
Vinyl chloride-methyl methacrylate resin;VCMMA
Vinyl chloride-octyl acrylate resin;VCOA
Vinyl chloride-vinyl acetate resin;VCVAC
Vinyl chloride-vinylidene chloride resin;VCVDC
Vinylidene fluoride;VDF
"butyraldehyde-aniline condensate
";BA
"bismuth dimethyldithiocarbamate
";BiDMC
"bis-morpholino-thiocarbamyl sulfenamide
";BMTS
"N-cyclohexyl-2-benzothiazyl sulfenamide
";CBS
"cadmium diethyldithiocarbamate
";CdDEC
"cadmium dimethyldithiocarbamate
";CdDMC
"cadmium pentamethylenedithiocarbamate
";Cd5MC
"cyclohexylethylamine
";CEA
"copper diisopropyldithiophosphate
";CuDIP
"copper dimethyldithiocarbamate
";CuDMC
"copper 2-mercaptobenzothiazole
";CuMBT
"dibutylamine
";DBA
"p,p'-dibenzoyl-p-benzoquinone dioxime
";DBQD
"1,3-dibutylthiourea
";DBTU
"dibutyl xanthogen disulfide
";DBXD
"dibenzylamine
";DBzA
"N,N-dicyclohexyl-2-benzothiazyl sulfenamide
";DCBS
"sym diethyldiphenylthiuram disulfide N,N'diethyl-N,N'-diphenylthiuram disulfide
";DEPTD
"1,3-diethylthiourea
";DETU
"dimethyl diphenyl thiuram disulfide
";DMPTD
"N,N-diisopropyl-2-benzothiazyl sulfenamide
";DIBS
"di-tolylguanidine
";DOTG
"diphenylguanidine
";DPG
"dipentamethylenethiuram disulfide
";DPTD
"dipentamethylenethiuram hexasulfide
";DPTH
"dipentamethylenethiuram monosulfide
";DPTM
"dipentamethylene thiuram tetrasulfide
";DPTT
"N,N'-diphenylthiourea (thiocarbanilide)
";DPTU
"4,4'-dithiomorpholine
";DTDM
"N,N'-di-o-tolylthiourea
";DTTU
"ethyl chloride, formaldehyde, and ammonia reaction product
";EFA
"ethylene thiourea
";ETU
"hexamethylenediamine
";HMD
"hexamethylenediamine carbamate
";HMDC
"N,N'-hexamethylene-bis-methacrylamide
";HMMA
"hexamethylenetetramine
";HMT
"4-morpholinyl-2-benzothiazyl disulfide
";MBSS
"2-(morpholinothio)benzothiazole
";MBS
"2-benzothiazole-N-morpholydisulfide
";MBSS
"2-mercaptobenzothiazole
";MBT
"dibenzothiazyl disulfide
";MBTS
"4-4'-methylene-bis-(chloroaniline)
";M-o-CA
"N, N'-m-phenylene-bis-maleimide
";m-PBM
"N,N'-dimethyl-N,N'diphenylthiuram disulfide
";MPTD
"3-methyl-thiazolidine-thione-2
";MTT
"sodium dimethyldithiocarbamate
";NaDMC
"sodium dibutyldithiocarbamate
";NaDBC
"sodium diethyldithiocarbamate
";NaDEC
"sodium isopropylxanthate
";NaIX
"o-tolylbiguanide
";OTBG
"N-oxydiethylene thiocarbamyl-N'-oxydiethylene sulfenamide
";OTOS
"lead diamyldithiocarbamate
";PbDAC
"lead dimethyldithiocarbamate
";PbDMC
"p-benzoquinone dioxime
";PBQD
"piperidinium pentamethylenedithiocarbamate
";P5MC
"selenium diethyldithiocarbamate
";SeDEC
"selenium dimethyldithiocarbamate
";SeMDC
"triallyl cyanurate
";TAC
"triallyl isocyanurate
";TAIC
"N-t-butyl-2-benzothiazyl sulfenamide
";TBBS
"t-butyl-2-benzothiazyl sulfenimide
";TBSI
"tetrabutylthiuram disulfide
";TBTD
"N,N,N'-tributylthiourea
";TBTU
"tetrabenzylthiuram disulfide
";TBzTD
"tricrotonylidenetetramine
";TCT
"tellurium diethyldithiocarbamate
";TeDEC
"tellurium dimethyldithiocarbamate
";TeDMC
"tetraisobutylthiuram disulfide
";TIBTD
"tetraethylthiuram disulfide
";TETD
"tetramethylthiuram disulfide
";TMTD
"tetramethylthiuram monosulfide
";TMTM
"thiourea
";TU
"zinc butylxanthate
";ZnBX
"zinc dibutyldithiocarbamate
";ZnDBC
"zinc dibutyldithiophosphate
";ZnDBP
"zinc dibenzyldithiocarbamate
";ZnDBzC
"zinc diethyldithiocarbamate
";ZnDEC
"zinc diisobutyldithiocarbamate
";ZnDIBC
"zinc dimethyldithiocarbamate
";ZnDMC
"zinc ethylhexyl-n-butyldithiophosphate
";ZnEHBP
"zinc ethylphenyldithiocarbamate
";ZnEPC
"zinc ethylxanthate
";ZnEX
"zinc isopropylxanthate
";ZnIX
"zinc-2-mercaptobenzothiazole
";ZnMBT
"zinc pentamethylenedithiocarbamate
";Zn5MC
"1, 4-bis-(t-butylperoxyisopropyl) benzene
";BBPIB
"benzoyl peroxide
";BPO
"n-butyl bis (4,4-tert-butylperoxy) valerate
";BPV
"1,1-bis (butylperoxy)-3,5,5-trimethyl-cyclohexane
";DBPC
"2,4-dichlorobenzoyl peroxide
";DCPB
"dicumyl peroxide
";DCP
"2,5-dimethyl-2,5-di-(butyl peroxy) hexane
";DMBPHa
"2,5-dimethyl-2,5-di-(butyl peroxy) hexyne-3
";DMBPHy
"di-t-butyl peroxide
";DTBP
"ethyl-3,3 bis (butyl peroxy) butryate
";EBPB
"4-methyl-2,2-bis-(butyl peroxy) pentane
";MBPP
"butyl cumyl peroxide
";TBCP
"toluene sulfonylsemicarbazide
";TSS
"aldol-Î±-naphthylamine
";AANA
"acetone diphenylamine condensation product
";ADPA
"N-alkyl-N'-phenyl-p -phenylenediamine
";APPD
"4,4'-butylidene-bis-(6-t-butyl-m-cresol)
";p-BBp14
"butylated hydroxyanisole
";BHA
"2, 6-di-butyl-4-methylphenol (butylated hydroxy toluene)
";BHT
"N-cyclohexyl-N'-phenyl-p-phenylenediamine
";CPPD
"2,5-di-tert-butylhydroquinone
";DBHQ
"dilauryl thiodipropionate
";DLTDP
" N,N'-bis-(1-methylheptyl)-p-phenylenediamine
";I88PD
"This is a specific isomer of N,N'-dioctyl- p-phenylenediamine
";NOTE 1
"N, N'-di-2-naphthyl-p-phenylenediamine
";DNPD
"N,N'-dioctyl- p-phenylenediamine
";DOPD
"diphenylamine
";DPA
"N,N'-diphenyl-p-phenylenediamine
";DPPD
"distearylthiodipropionate
";DSTDP
"N,N'-ditolyl-p-phenylenediamine
";DTPD
"6-ethoxy-1,2-dihydro-2,2,4-trimethylquinoline
";ETMQ
"2,2'-isobutylidene-bis-(4,6-di-methylphenol)
";o-IBBp11
"polybutylated bisphenol A
";p-IPBp(4)n
"N-isopropyl-N '-phenyl-p-phenylenediamine
";IPPD
"2-mercaptobenzimidazole
";MBI
"2,2'-methylene-bis-(4-methyl-6-cyclohexylphenol)
";o-MBp1C
"2,2'-methylene-bis-[6-(1-methylcyclohexyl)p-cresol]
";o-MBp1(1C)
"2,2'-methylene-bis-(4-methyl-6-t-butylphenol)
";o-MBp14
"2,2'-methylene-bis-(4-methyl-6-nonylphenol)
";o-MBp19
"2,2'-methylene-bis-(4-ethyl-6-t-butylphenol)
";o-MBp24
"4,4'-methylene-bis-(2,6-di-t-butylphenol)
";p-MBp44
"methyl-2-mercaptobenzimidazole
";MMBI
"nickel dibutyldithiocarbamate
";NiDBC
"octylated diphenylamine
";8DPA
"N-phenyl-alpha-naphthylamine
";PAN
"N-phenyl-beta-naphthylamine
";PBN
"N-phenyl-N'-2-octyl-p-phenylenediamine
";i-8PPD
"p-isopropoxylateddiphenylamine
";P3DPA
"styrenated diphenylamine
";SPDA
"styrenated phenol
";SPH
"4,4'-butylidene-bis-(2- t-butyl-m-cresol)
";p-BBp14
"4,4'-thio-bis-(2- t-butyl-m-cresol)
";p-TBp14
"2,5-di-amylhydroquinone
";TAHQ
"2,2,4-trimethyl-1,2-dihdroquinoline (oligomer)
";TMQ
"tri(nonylphenyl)phosphite
";TNPP
"zinc dialkylphosphorodithioate
";ZnDPT
"zinc-2-mercaptobenzimidazole
";ZnMBI
"zinc-methyl-2-mercaptobenzimidazole
";ZnMMBI
"N-(1,3-dimethylbutyl)-N'-phenyl-pphenylenediamine
";6PPD
"N-phenyl-N'-(1,3-dimethylbutyl)-2,5-cyclohexadiene-1,4-diimine
";6QDI
"N-(1,4-dimethylpentyl)-N'-phenyl-pphenylenediamine
";7PPD
"N,N'-bis-(1,4-dimethylpentyl)-p-phenylenediamine
";77PD
"N-octyl-N'-phenyl-p-phenylenediamine
";8PPD
"N,N'-dioctyl-p-phenylenediamine
";88PD
"nonylated diphenylamine
";9DPA
"ethylated/nonylated diphenylamine
";29DPA
"butylated/octylated diphenylamine
";48DPA
"butyl octyl phthalate
";BOP
"dibutyl phthalate
";DBP
"dibutyl sebacate
";DBS
"dicyclohexyl phthalate
";DCHP
"diethyl phthalate
";DEP
"diisobutyl adipate
";DIBA
"diisobutyl phthalate
";DIBP
"diisodecyl adipate
";DIDA
"diisodecyl phthalate
";DIDP
"diisooctyl adipate
";DIOA
"diisooctyl phthalate
";DIOP
"dimethyl phthalate
";DMP
"dimethyl sebacate
";DMS
"dioctyl adipate
";DOA
"dioctyl phthalate
";DOP
"di-(2-ethylhexyl) phthalate
";DOP
"dioctyl sebacate
";DOS
"dioctyl terephthalate
";DOTP
"di-(2-ethylhexyl) terephthalate
";DOTP
"diphenyl cresyl phosphate
";DPCF
"diphenyl octyl phosphate
";DPOF
"diphenyl phthalate
";DPP
"diundecyl phthalate
";DUP
"epoxidized linseed oil
";ELO
"epoxidized soya bean oil
";ESO
"octyl decyl adipate
";ODA
"trichloroethyl phosphate
";TCEF
"cresyl phosphate
";TCF
"trioctyl phosphate
";TOF
"trioctyl trimellitate
";TOTM
"diethanolamine
";DEA
"diethylene glycol
";DEG
"glyceryl trimethacrylate
";GTMA
"polyethylene glycol
";PEG
"polypropylene glycol
";PPG
"polyvinyl methyl ether
";PVME
"sodium pentachlorophenate
";NaPCP
"triethanolamine
";TEA
"zinc 2-ethylhexanoate (zinc octoate)
";ZnEH
"1,4-cyclohexane diisocyanate
";CHDI
"1,6-hexamethylene diisocyanate
";HDI
"4,4'-dicyclohexylmethane diisocyanate
";HMDI
"isophorone diisocyanate
";IPDI
"4,4'-diphenylmethane diisocyanate
";MDI
"naphthalene-1,5-diisocyanate
";NDI
"polymethylene polyphenyl isocyanate
";PMPPI
"p-phenylene diisocyanate
";PPDI
"toluene diisocyanate
";TDI
"2,2,4- and 2,4,4-trimethyl hexamethylene diisocyanate
";TMDI
"m-tetramethylxylylene diisocyanate
";TMXDI
"4,4',4""-triphenylmethane triisocyanate
";TTI
"tris-(p-iscyanatophenyl)-thiophosphate
";TIPT
"N-(cyclohexylthio)phthalimide
";CTP
"N-nitroso diphenylamine
";NDPA
"phthalic anhydride
";PTA
"salicylic acid
";SA
"1,3-bis(citraconimidomethyl)benzene
";DCIMX
hexamethylene-1,6-bis(thiosulfate) disodium salt dihydrate;DHTS
Para-phenylene-terephthalamide;PPTA
