;Word;Count
0;fiber;708
1;spin;520
2;centrifug;402
3;nanofib;289
4;solut;197
5;polym;185
6;high;184
7;method;182
8;diamet;181
9;result;173
10;process;169
11;jet;153
12;scaffold;149
13;produc;148
14;product;144
15;show;141
16;prepar;139
17;fabric;135
18;studi;133
19;fibr;132
20;composit;131
21;materi;131
22;structur;127
23;speed;124
24;morpholog;121
25;properti;119
26;cell;116
27;applic;114
28;effect;113
29;electrospin;112
30;concentr;107
31;carbon;104
32;obtain;104
33;rotat;101
34;perform;95
35;techniqu;94
36;increas;93
37;tissu;93
38;compar;89
39;surfac;87
40;spun;84
41;thermal;82
42;fibrou;80
43;develop;79
44;degre;77
45;pan;77
46;paramet;76
47;forc;75
48;mechan;74
49;model;73
50;electron;72
51;scan;71
52;base;69
53;rate;69
54;engin;69
55;rotari;66
56;investig;66
57;nozzl;65
58;format;65
59;demonstr;64
60;phase;64
61;temperatur;63
62;microscopi;61
63;system;60
64;analysi;59
65;work;59
66;tio;59
67;membran;58
68;solvent;58
69;poli;57
70;air;57
71;present;55
72;higher;55
73;addit;55
74;potenti;54
75;microfib;54
76;improv;53
77;capac;53
78;form;53
79;pcl;52
80;low;51
81;drug;51
82;stabil;51
83;character;51
84;control;50
85;decreas;50
86;effici;50
87;precursor;49
88;larg;49
89;found;48
90;technolog;48
91;mat;48
92;align;48
93;viscos;48
94;promis;47
95;elsevi;47
96;heat;46
97;melt;45
98;enhanc;44
99;treatment;44
100;pvp;44
101;pla;44
102;test;43
103;area;43
104;activ;43
105;nanofibr;43
106;condit;43
107;water;43
108;cycl;43
109;nm;43
110;approach;43
111;nano;43
112;rj;42
113;combin;42
114;evalu;41
115;ray;41
116;rang;41
117;chang;40
118;optim;40
119;anod;40
120;wt;40
121;batteri;39
122;right;39
123;reserv;39
124;micro;39
125;spinneret;39
126;crystallin;39
127;averag;38
128;ratio;37
129;highli;37
130;mu;37
131;field;36
132;ion;36
133;sampl;36
134;success;36
135;coat;36
136;observ;36
137;porou;35
138;size;35
139;exhibit;35
140;includ;35
141;polymer;35
142;cost;35
143;sem;35
144;simpl;35
145;influenc;34
146;limit;34
147;voltag;34
148;chemic;34
149;reduc;34
150;good;34
151;scale;34
152;initi;34
153;measur;34
154;transform;33
155;acid;33
156;affect;32
157;oxid;32
158;orient;32
159;chitosan;32
160;distribut;31
161;separ;31
162;provid;31
163;report;31
164;blend;31
165;appli;31
166;function;31
167;spectroscopi;31
168;thin;31
169;specif;31
170;releas;31
171;gener;31
172;sol;31
173;recent;30
174;paper;30
175;load;30
176;diffract;30
177;design;29
178;manufactur;29
179;analyz;29
180;determin;29
181;prolifer;29
182;wound;29
183;peg;29
184;free;29
185;sio;29
186;veloc;28
187;flexibl;28
188;conduct;28
189;gelatin;28
190;degrad;28
191;strength;28
192;differenti;27
193;rpm;27
194;achiev;27
195;flow;26
196;yield;26
197;current;26
198;requir;26
199;content;26
200;biomed;26
201;adsorpt;26
202;mass;26
203;bead;26
204;powder;26
205;small;25
206;collector;25
207;distanc;25
208;fine;25
209;layer;25
210;biocompat;25
211;xrd;25
212;wide;24
213;electrochem;24
214;filtrat;24
215;number;24
216;min;24
217;factor;24
218;gel;24
219;continu;24
220;viscoelast;24
221;algin;24
222;poros;23
223;bone;23
224;aqueou;23
225;promot;23
226;time;23
227;confirm;23
228;infrar;23
229;deposit;23
230;fluid;23
231;pressur;23
232;length;22
233;radiu;22
234;experi;22
235;volum;22
236;nanoparticl;22
237;dope;22
238;characterist;22
239;vitro;22
240;fourier;22
241;mix;22
242;reveal;22
243;util;22
244;sodium;21
245;subsequ;21
246;type;21
247;research;21
248;experiment;21
249;collect;21
250;find;21
251;li;21
252;import;21
253;suitabl;21
254;similar;21
255;fe;21
256;simul;20
257;lithium;20
258;commerci;20
259;particl;20
260;introduc;20
261;collagen;20
262;pore;20
263;polyethylen;20
264;natur;20
265;evapor;20
266;highest;20
267;growth;20
268;nhap;20
269;ps;20
270;ceram;20
271;uniform;19
272;matrix;19
273;significantli;19
274;microstructur;19
275;dress;19
276;polyacrylonitril;19
277;excel;19
278;stabl;19
279;lower;19
280;protein;19
281;platelet;19
282;molecul;19
283;light;19
284;photocatalyt;19
285;trajectori;19
286;ecm;19
287;hollow;19
288;electrod;18
289;snsb;18
290;energi;18
291;group;18
292;depend;18
293;order;18
294;vari;18
295;nonwoven;18
296;incorpor;18
297;made;18
298;heal;18
299;calcin;18
300;behavior;18
301;si;18
302;sno;18
303;propos;17
304;physic;17
305;differ;17
306;suggest;17
307;altern;17
308;cultur;17
309;blow;17
310;select;17
311;synthes;17
312;amount;17
313;peo;17
314;homogen;17
315;starch;17
316;molecular;17
317;bioactiv;17
318;silica;17
319;amorph;17
320;electr;17
321;liquid;17
322;deliveri;16
323;day;16
324;antibacteri;16
325;dispers;16
326;charg;16
327;weight;16
328;extract;16
329;spinnabl;16
330;rapid;16
331;pure;16
332;support;16
333;attract;16
334;draw;16
335;web;16
336;mm;15
337;great;15
338;beta;15
339;regener;15
340;inhibit;15
341;hybrid;15
342;graphen;15
343;ad;15
344;advantag;15
345;dimension;15
346;attent;15
347;modifi;15
348;candid;15
349;al;15
350;mah;15
351;publish;15
352;tradit;15
353;shown;15
354;comparison;15
355;case;15
356;numer;15
357;oil;15
358;newtonian;15
359;qualiti;14
360;metal;14
361;discuss;14
362;lead;14
363;analys;14
364;period;14
365;shape;14
366;smooth;14
367;varieti;14
368;dsc;14
369;deliv;14
370;electrostat;14
371;viabil;14
372;employ;14
373;interact;14
374;contact;14
375;ultrafin;14
376;featur;14
377;biolog;14
378;long;14
379;uniqu;14
380;phb;14
381;devic;14
382;establish;14
383;alpha;14
384;remov;14
385;synthesi;14
386;capabl;14
387;pmma;14
388;explor;13
389;transit;13
390;angl;13
391;prove;13
392;review;13
393;vivo;13
394;critic;13
395;interest;13
396;respons;13
397;strong;13
398;superior;13
399;optimum;13
400;signific;13
401;densiti;13
402;ti;13
403;mixtur;13
404;ma;13
405;chain;13
406;tension;13
407;larger;13
408;filter;13
409;cm;13
410;fs;13
411;resist;13
412;optic;13
413;enabl;13
414;isol;13
415;examin;13
416;viscou;13
417;pp;13
418;equat;13
419;nylon;13
420;fb;13
421;curv;12
422;cf;12
423;mesopor;12
424;storag;12
425;repair;12
426;polycaprolacton;12
427;remain;12
428;presenc;12
429;thermogravimetr;12
430;agent;12
431;bacteri;12
432;subject;12
433;reaction;12
434;glycol;12
435;insul;12
436;compos;12
437;consist;12
438;integr;12
439;tensil;12
440;mpa;12
441;ultra;12
442;synthet;12
443;instabl;12
444;caprolacton;12
445;emerg;12
446;practic;12
447;forcespin;12
448;organ;12
449;uv;12
450;ga;12
451;sci;12
452;pcm;12
453;tin;12
454;adhes;12
455;acceler;11
456;challeng;11
457;defect;11
458;pva;11
459;bacteria;11
460;state;11
461;tga;11
462;possess;11
463;main;11
464;greater;11
465;polyurethan;11
466;biodegrad;11
467;ethanol;11
468;rapidli;11
469;owe;11
470;articl;11
471;amylopectin;11
472;facil;11
473;pdlla;11
474;favor;11
475;construct;11
476;regen;11
477;electrospun;11
478;equip;11
479;constant;11
480;substrat;11
481;zno;11
482;visibl;11
483;cytotox;11
484;like;11
485;wiley;11
486;treat;11
487;cmf;11
488;alumina;11
489;cl;11
490;overcom;10
491;creat;10
492;diffus;10
493;direct;10
494;advanc;10
495;complex;10
496;industri;10
497;polyvinyl;10
498;alcohol;10
499;reach;10
500;dri;10
501;wet;10
502;extrud;10
503;faster;10
504;oper;10
505;smart;10
506;strategi;10
507;verifi;10
508;lactic;10
509;carri;10
510;maintain;10
511;estrogen;10
512;skin;10
513;vinyl;10
514;thick;10
515;posit;10
516;ftir;10
517;profil;10
518;convent;10
519;assembl;10
520;induc;10
521;procedur;10
522;make;10
523;respect;10
524;ft;10
525;percent;10
526;ec;10
527;cocam;10
528;dissolut;10
529;grain;10
530;aim;9
531;phosphat;9
532;silver;9
533;humid;9
534;extens;9
535;polyvinylpyrrolidon;9
536;microscop;9
537;adsorb;9
538;mg;9
539;discharg;9
540;revers;9
541;fibroblast;9
542;key;9
543;safe;9
544;cmc;9
545;binder;9
546;crystal;9
547;sustain;9
548;cotton;9
549;indic;9
550;hydrophob;9
551;orific;9
552;ha;9
553;pa;9
554;regim;9
555;angular;9
556;final;9
557;microfibr;9
558;soy;9
559;term;9
560;imag;9
561;media;9
562;titanium;9
563;xp;9
564;vi;9
565;nitrid;9
566;polystyren;9
567;agnp;9
568;appl;9
569;solv;9
570;bulk;9
571;ir;9
572;bc;9
573;sn;9
574;droplet;9
575;muscl;9
576;hot;9
577;versatil;8
578;safeti;8
579;futur;8
580;infiltr;8
581;metabol;8
582;mean;8
583;rheolog;8
584;ethylen;8
585;core;8
586;focu;8
587;rel;8
588;zone;8
589;abil;8
590;nacl;8
591;calorimetri;8
592;dimethylformamid;8
593;dmf;8
594;es;8
595;needl;8
596;cross;8
597;link;8
598;point;8
599;aureu;8
600;data;8
601;loss;8
602;feasibl;8
603;sucros;8
604;pyrrolidon;8
605;human;8
606;dichloromethan;8
607;rough;8
608;osteogen;8
609;rich;8
610;linear;8
611;hap;8
612;throughput;8
613;environ;8
614;epsilon;8
615;extracellular;8
616;compon;8
617;detail;8
618;axi;8
619;singl;8
620;offer;8
621;smaller;8
622;ph;8
623;matric;8
624;atom;8
625;irradi;8
626;predict;8
627;candi;8
628;scalabl;8
629;seri;8
630;simultan;8
631;impact;8
632;setup;8
633;delta;8
634;manipul;8
635;inorgan;8
636;steam;8
637;solubl;8
638;atmospher;8
639;anisotropi;8
640;mgo;8
641;heart;8
642;valv;8
643;cnf;8
644;mixer;8
645;curvatur;7
646;electrolyt;7
647;principl;7
648;tcp;7
649;percentag;7
650;complet;7
651;nanoscal;7
652;chlorid;7
653;valu;7
654;crucial;7
655;describ;7
656;freez;7
657;desir;7
658;sb;7
659;led;7
660;dynam;7
661;stimul;7
662;kv;7
663;involv;7
664;ideal;7
665;reduct;7
666;nitrogen;7
667;deriv;7
668;sourc;7
669;hydrophil;7
670;woven;7
671;polylact;7
672;assay;7
673;taylor;7
674;pi;7
675;cast;7
676;mesh;7
677;polar;7
678;fast;7
679;open;7
680;osteoblast;7
681;guid;7
682;stem;7
683;platform;7
684;essenti;7
685;element;7
686;level;7
687;er;7
688;recapitul;7
689;adjust;7
690;typic;7
691;assess;7
692;object;7
693;maximum;7
694;stretch;7
695;glass;7
696;tg;7
697;thi;7
698;reinforc;7
699;strain;7
700;anatas;7
701;relat;7
702;catalyst;7
703;templat;7
704;strongli;7
705;role;7
706;electro;7
707;interlay;7
708;pcmf;7
709;salt;7
710;polypropylen;7
711;threadlin;7
712;raw;7
713;gyrat;7
714;modulu;7
715;hydrogen;7
716;bond;7
717;gram;7
718;paa;7
719;biocl;7
720;situ;7
721;vapor;7
722;retent;7
723;mwcnt;7
724;submicron;7
725;network;7
726;na;7
727;methacryl;7
728;poss;7
729;monom;7
730;compound;7
731;cnt;7
732;nss;7
733;ap;7
734;yag;7
735;tube;6
736;nanocomposit;6
737;facilit;6
738;year;6
739;independ;6
740;ag;6
741;coli;6
742;interconnect;6
743;uptak;6
744;tunabl;6
745;sensor;6
746;nanotub;6
747;emuls;6
748;crosslink;6
749;kinet;6
750;power;6
751;break;6
752;ml;6
753;pristin;6
754;stress;6
755;acet;6
756;aid;6
757;benefit;6
758;pu;6
759;conclud;6
760;red;6
761;steadi;6
762;amylos;6
763;nanomet;6
764;pc;6
765;output;6
766;smallest;6
767;tendon;6
768;hierarch;6
769;ii;6
770;nanostructur;6
771;previou;6
772;sever;6
773;end;6
774;nativ;6
775;architectur;6
776;motion;6
777;line;6
778;common;6
779;focus;6
780;author;6
781;desorpt;6
782;antimicrobi;6
783;medium;6
784;absorpt;6
785;inerti;6
786;transmiss;6
787;tem;6
788;dye;6
789;occur;6
790;play;6
791;innov;6
792;dissolv;6
793;conclus;6
794;assist;6
795;build;6
796;soft;6
797;biopolym;6
798;spectra;6
799;coupl;6
800;iron;6
801;photoelectron;6
802;silicon;6
803;outer;6
804;path;6
805;solid;6
806;systemat;6
807;serv;6
808;surfact;6
809;preliminari;6
810;cvd;6
811;plla;6
812;disk;6
813;actuat;6
814;terephthal;6
815;multi;6
816;expect;6
817;plate;6
818;tailor;6
819;rb;6
820;methyl;6
821;nerv;6
822;anisotrop;6
823;proper;5
824;theoret;5
825;sib;5
826;alloy;5
827;volatil;5
828;sheet;5
829;veil;5
830;pda;5
831;approxim;5
832;np;5
833;embed;5
834;thinner;5
835;elong;5
836;fraction;5
837;staphylococcu;5
838;step;5
839;residu;5
840;prevent;5
841;zirconium;5
842;zrc;5
843;resin;5
844;wettabl;5
845;reservoir;5
846;alkalin;5
847;phosphatas;5
848;rayleigh;5
849;express;5
850;tm;5
851;nanomateri;5
852;vertic;5
853;display;5
854;short;5
855;shell;5
856;randomli;5
857;iii;5
858;stage;5
859;attach;5
860;correl;5
861;bodi;5
862;medicin;5
863;slow;5
864;biomimet;5
865;immers;5
866;directli;5
867;melanocyt;5
868;site;5
869;caus;5
870;access;5
871;anim;5
872;absenc;5
873;health;5
874;rutil;5
875;lattic;5
876;bet;5
877;gap;5
878;string;5
879;reynold;5
880;estim;5
881;suffici;5
882;transport;5
883;topographi;5
884;hmp;5
885;matur;5
886;contribut;5
887;modif;5
888;inform;5
889;popular;5
890;shear;5
891;friendli;5
892;sic;5
893;pvam;5
894;tune;5
895;anti;5
896;microbi;5
897;extend;5
898;wall;5
899;center;5
900;dot;5
901;demand;5
902;close;5
903;graft;5
904;juic;5
905;teo;5
906;receiv;5
907;adher;5
908;recycl;5
909;reactiv;5
910;part;5
911;total;5
912;textur;5
913;plastic;5
914;biomateri;5
915;food;5
916;msc;5
917;prm;5
918;set;5
919;aspect;5
920;drawn;5
921;regul;5
922;emiss;5
923;basic;5
924;rpet;5
925;discret;5
926;film;5
927;arc;5
928;class;5
929;rh;5
930;wool;5
931;purif;5
932;ta;5
933;hand;5
934;ito;5
935;micropor;5
936;dena;5
937;rsf;5
938;pcnf;5
939;copper;5
940;acetonitril;5
941;flaki;5
942;outlet;4
943;orthogon;4
944;lib;4
945;major;4
946;concern;4
947;elimin;4
948;transfer;4
949;aerosol;4
950;greatli;4
951;perspect;4
952;variat;4
953;grow;4
954;methodolog;4
955;softwar;4
956;empir;4
957;care;4
958;raman;4
959;proven;4
960;dehydr;4
961;inspir;4
962;green;4
963;migrat;4
964;readili;4
965;act;4
966;prospect;4
967;expos;4
968;start;4
969;prolong;4
970;mahg;4
971;mag;4
972;concept;4
973;behaviour;4
974;mathemat;4
975;retain;4
976;pathway;4
977;pyrolysi;4
978;col;4
979;el;4
980;hour;4
981;cosolv;4
982;tend;4
983;quantiti;4
984;exist;4
985;entangl;4
986;plga;4
987;lowest;4
988;aceton;4
989;coeffici;4
990;outstand;4
991;implement;4
992;balanc;4
993;dual;4
994;mesenchym;4
995;elast;4
996;comput;4
997;consider;4
998;age;4
999;pre;4
1000;dermal;4
1001;law;4
1002;proport;4
1003;therapi;4
1004;detect;4
1005;divers;4
1006;cc;4
1007;nc;4
1008;recoveri;4
1009;gallium;4
1010;equilibrium;4
1011;calorimet;4
1012;slightli;4
1013;address;4
1014;carrier;4
1015;dta;4
1016;reflect;4
1017;band;4
1018;longer;4
1019;color;4
1020;compris;4
1021;visual;4
1022;dose;4
1023;fix;4
1024;colon;4
1025;special;4
1026;electrophoret;4
1027;swell;4
1028;nfm;4
1029;fo;4
1030;hard;4
1031;print;4
1032;block;4
1033;channel;4
1034;standard;4
1035;rout;4
1036;sensit;4
1037;moistur;4
1038;poorli;4
1039;cellular;4
1040;psan;4
1041;array;4
1042;transpar;4
1043;polyimid;4
1044;gpa;4
1045;silic;4
1046;illustr;4
1047;thf;4
1048;cellulos;4
1049;purpos;4
1050;easi;4
1051;dehpa;4
1052;possibl;4
1053;environment;4
1054;keratin;4
1055;apeg;4
1056;submicromet;4
1057;orang;4
1058;neg;4
1059;amen;4
1060;brittl;4
1061;copyright;4
1062;bend;4
1063;whip;4
1064;spiral;4
1065;cyclic;4
1066;hinder;4
1067;repeat;4
1068;coulomb;4
1069;superhydrophob;4
1070;meat;4
1071;transplant;4
1072;calcium;4
1073;deform;4
1074;solidifi;4
1075;societi;4
1076;tannin;4
1077;robust;4
1078;replac;4
1079;rgo;4
1080;lignin;4
1081;knowledg;4
1082;preheat;4
1083;attempt;4
1084;fn;4
1085;bundl;4
1086;micromet;4
1087;machin;4
1088;chloroform;4
1089;gamma;4
1090;sph;4
1091;mimic;4
1092;melamin;4
1093;perfor;4
1094;fact;4
1095;regular;4
1096;dimensionless;4
1097;inviscid;4
1098;intens;4
1099;phbv;4
1100;reli;4
1101;recrystal;4
1102;lyophilis;4
1103;avoid;4
1104;individu;4
1105;thiol;4
1106;ene;4
1107;photopolymer;4
1108;coaxial;4
1109;bio;4
1110;substitut;4
1111;ni;4
1112;ch;4
1113;zirconia;4
1114;vacuum;4
1115;hydrogel;4
1116;gradient;4
1117;ring;4
1118;nf;3
1119;hazard;3
1120;pcf;3
1121;rat;3
1122;histomorphometr;3
1123;modul;3
1124;expert;3
1125;explain;3
1126;variabl;3
1127;fit;3
1128;escherichia;3
1129;cereu;3
1130;chemistri;3
1131;mold;3
1132;past;3
1133;fundament;3
1134;filler;3
1135;pao;3
1136;pseudo;3
1137;random;3
1138;clear;3
1139;cylindr;3
1140;latent;3
1141;peak;3
1142;anneal;3
1143;suffer;3
1144;origin;3
1145;voltammetri;3
1146;implant;3
1147;endotheli;3
1148;identifi;3
1149;intermolecular;3
1150;invers;3
1151;chamber;3
1152;consid;3
1153;eject;3
1154;clove;3
1155;hous;3
1156;built;3
1157;stain;3
1158;evolut;3
1159;compress;3
1160;hydroxyapatit;3
1161;magnitud;3
1162;piezoelectr;3
1163;kpa;3
1164;hydroxybutyr;3
1165;injuri;3
1166;scar;3
1167;we;3
1168;insid;3
1169;confoc;3
1170;adipos;3
1171;consequ;3
1172;copolym;3
1173;parametr;3
1174;finit;3
1175;formul;3
1176;kind;3
1177;gain;3
1178;elev;3
1179;bind;3
1180;phytoestrogen;3
1181;mous;3
1182;relationship;3
1183;shift;3
1184;repres;3
1185;spectrum;3
1186;fold;3
1187;ac;3
1188;predominantli;3
1189;defin;3
1190;cyanex;3
1191;isotherm;3
1192;endotherm;3
1193;reus;3
1194;divid;3
1195;tibia;3
1196;flexur;3
1197;cytocompat;3
1198;gravimetr;3
1199;problem;3
1200;impregn;3
1201;thyme;3
1202;spray;3
1203;action;3
1204;zinc;3
1205;extent;3
1206;acetylaceton;3
1207;region;3
1208;drag;3
1209;symmetri;3
1210;exit;3
1211;gravit;3
1212;aerodynam;3
1213;rossbi;3
1214;weber;3
1215;peclet;3
1216;wrap;3
1217;tighter;3
1218;breakup;3
1219;photocatalyst;3
1220;cn;3
1221;attribut;3
1222;semi;3
1223;burst;3
1224;biofilm;3
1225;seawat;3
1226;abund;3
1227;bicompon;3
1228;mf;3
1229;difficulti;3
1230;aluminum;3
1231;choic;3
1232;sulfur;3
1233;cathod;3
1234;particul;3
1235;physicochem;3
1236;understand;3
1237;mdce;3
1238;deviat;3
1239;introduct;3
1240;background;3
1241;vector;3
1242;lay;3
1243;difficult;3
1244;minf;3
1245;bath;3
1246;elut;3
1247;associ;3
1248;characteris;3
1249;screen;3
1250;lack;3
1251;camera;3
1252;ge;3
1253;ed;3
1254;dip;3
1255;sorption;3
1256;live;3
1257;drive;3
1258;poor;3
1259;multiwal;3
1260;pattern;3
1261;akp;3
1262;silk;3
1263;multilevel;3
1264;hierarchi;3
1265;distinct;3
1266;captur;3
1267;drop;3
1268;inher;3
1269;movement;3
1270;maxim;3
1271;recov;3
1272;strip;3
1273;feather;3
1274;allyloxi;3
1275;fk;3
1276;ppm;3
1277;gauz;3
1278;pad;3
1279;texa;3
1280;sour;3
1281;asymptot;3
1282;theori;3
1283;realiz;3
1284;american;3
1285;usag;3
1286;scientif;3
1287;hmsc;3
1288;osteoinduct;3
1289;oxygen;3
1290;nanosheet;3
1291;speci;3
1292;merit;3
1293;progress;3
1294;miner;3
1295;orthoped;3
1296;graphic;3
1297;help;3
1298;eas;3
1299;criteria;3
1300;rabbit;3
1301;biochem;3
1302;aggreg;3
1303;brain;3
1304;bioavail;3
1305;ab;3
1306;phenotyp;3
1307;seed;3
1308;chromium;3
1309;bridg;3
1310;pdm;3
1311;dielectr;3
1312;intrins;3
1313;tip;3
1314;thermoplast;3
1315;chosen;3
1316;commonli;3
1317;conform;3
1318;phenomenon;3
1319;microenviron;3
1320;fashion;3
1321;scientist;3
1322;decomposit;3
1323;blast;3
1324;os;3
1325;encapsul;3
1326;seal;3
1327;undergo;3
1328;boundari;3
1329;geometri;3
1330;protect;3
1331;capacit;3
1332;boger;3
1333;connect;3
1334;aris;3
1335;probe;3
1336;eventu;3
1337;moduli;3
1338;resourc;3
1339;minim;3
1340;itz;3
1341;piroxicam;3
1342;mica;3
1343;binari;3
1344;exploit;3
1345;answer;3
1346;purifi;3
1347;needleless;3
1348;dioxid;3
1349;citrat;3
1350;inject;3
1351;slurri;3
1352;unit;3
1353;head;3
1354;sink;3
1355;substanti;3
1356;durat;3
1357;whisker;3
1358;competit;3
1359;cue;3
1360;prebiot;3
1361;io;3
1362;partial;3
1363;cure;3
1364;ionic;3
1365;interfaci;3
1366;room;3
1367;add;3
1368;ultrason;3
1369;agreement;3
1370;doubl;3
1371;probiot;3
1372;laboratori;3
1373;edlc;3
1374;polycrystallin;3
1375;biox;3
1376;sinter;3
1377;uniaxi;3
1378;mwnt;3
1379;semiautom;3
1380;permit;3
1381;pectin;3
1382;degreesc;3
1383;fragment;3
1384;cartridg;3
1385;tlc;3
1386;methanol;3
1387;pin;3
1388;cu;3
1389;quench;3
1390;central;2
1391;uniformli;2
1392;wistar;2
1393;immunohistochemistri;2
1394;inflammatori;2
1395;angiogenesi;2
1396;fibroplasia;2
1397;imped;2
1398;ultim;2
1399;multilay;2
1400;expand;2
1401;ordinari;2
1402;paid;2
1403;capacitor;2
1404;nanogener;2
1405;blown;2
1406;uranium;2
1407;chelat;2
1408;langmuir;2
1409;graphit;2
1410;ce;2
1411;absorb;2
1412;axial;2
1413;appear;2
1414;wxrd;2
1415;inocul;2
1416;carbid;2
1417;convert;2
1418;tubular;2
1419;blood;2
1420;elastin;2
1421;grade;2
1422;commun;2
1423;narrow;2
1424;bottom;2
1425;user;2
1426;apatit;2
1427;compat;2
1428;alizarin;2
1429;extraordinari;2
1430;extern;2
1431;vinyliden;2
1432;fluorid;2
1433;pvdf;2
1434;png;2
1435;date;2
1436;circuit;2
1437;durabl;2
1438;mimick;2
1439;remodel;2
1440;tenogen;2
1441;supplement;2
1442;gdf;2
1443;penetr;2
1444;pharmaceut;2
1445;homopolym;2
1446;assign;2
1447;dimens;2
1448;compact;2
1449;emphas;2
1450;microfluid;2
1451;highlight;2
1452;diseas;2
1453;sens;2
1454;trigger;2
1455;therapeut;2
1456;safer;2
1457;local;2
1458;spi;2
1459;hyaluron;2
1460;outcom;2
1461;corioli;2
1462;disord;2
1463;restor;2
1464;normal;2
1465;plasma;2
1466;prp;2
1467;cheap;2
1468;cytokin;2
1469;topic;2
1470;nanospid;2
1471;licens;2
1472;thermodynam;2
1473;spontan;2
1474;favour;2
1475;nanohydroxyapatit;2
1476;give;2
1477;rise;2
1478;soak;2
1479;fill;2
1480;radiograph;2
1481;histolog;2
1482;statist;2
1483;mode;2
1484;neoform;2
1485;resili;2
1486;pellet;2
1487;insuffici;2
1488;bioaerosol;2
1489;microparticl;2
1490;cover;2
1491;bi;2
1492;motiv;2
1493;froud;2
1494;radial;2
1495;correct;2
1496;render;2
1497;photo;2
1498;spectrophotomet;2
1499;ev;2
1500;rhb;2
1501;black;2
1502;exposur;2
1503;clinic;2
1504;versu;2
1505;mammalian;2
1506;impress;2
1507;antibiot;2
1508;epd;2
1509;neat;2
1510;desalin;2
1511;reliabl;2
1512;clean;2
1513;extrus;2
1514;forward;2
1515;distil;2
1516;recognit;2
1517;shuttl;2
1518;place;2
1519;leach;2
1520;lithographi;2
1521;search;2
1522;multipl;2
1523;eco;2
1524;drawback;2
1525;finer;2
1526;nonlinear;2
1527;excircl;2
1528;streamlin;2
1529;slowli;2
1530;visoelast;2
1531;foundat;2
1532;afford;2
1533;amin;2
1534;rjw;2
1535;mip;2
1536;allow;2
1537;mimet;2
1538;identif;2
1539;closur;2
1540;acrylonitril;2
1541;afm;2
1542;heterogen;2
1543;hpb;2
1544;comprehens;2
1545;monitor;2
1546;leav;2
1547;bpo;2
1548;convers;2
1549;lamin;2
1550;rule;2
1551;back;2
1552;kevlar;2
1553;equal;2
1554;biomedicin;2
1555;cpf;2
1556;obviou;2
1557;ethyl;2
1558;kh;2
1559;ultraviolet;2
1560;aminosilan;2
1561;suspens;2
1562;recharg;2
1563;argon;2
1564;ternari;2
1565;valid;2
1566;insight;2
1567;cleanup;2
1568;spread;2
1569;increasingli;2
1570;spill;2
1571;tetrahydrofuran;2
1572;dead;2
1573;deal;2
1574;blowspin;2
1575;drawspin;2
1576;nitrat;2
1577;micrograph;2
1578;groov;2
1579;call;2
1580;decad;2
1581;di;2
1582;indium;2
1583;phosphor;2
1584;institut;2
1585;sa;2
1586;nmr;2
1587;declin;2
1588;groundwork;2
1589;spatial;2
1590;graviti;2
1591;ductil;2
1592;multifunct;2
1593;unexpect;2
1594;minimum;2
1595;ascorb;2
1596;sacrifici;2
1597;scatter;2
1598;vacanc;2
1599;broaden;2
1600;broadband;2
1601;brilliant;2
1602;photocatalysi;2
1603;reson;2
1604;antimoni;2
1605;coincid;2
1606;person;2
1607;way;2
1608;mtt;2
1609;denatur;2
1610;enzym;2
1611;analog;2
1612;contractil;2
1613;stroke;2
1614;adult;2
1615;mice;2
1616;lesion;2
1617;integrin;2
1618;ibu;2
1619;ket;2
1620;trifluoroacet;2
1621;harvest;2
1622;complic;2
1623;translat;2
1624;slight;2
1625;twist;2
1626;stiff;2
1627;superhydrophil;2
1628;eng;2
1629;entir;2
1630;polyhydroxybutyr;2
1631;soj;2
1632;opportun;2
1633;dramat;2
1634;tougher;2
1635;tpu;2
1636;shot;2
1637;index;2
1638;hab;2
1639;fetal;2
1640;implic;2
1641;fibrillar;2
1642;extension;2
1643;full;2
1644;epiderm;2
1645;oral;2
1646;endogen;2
1647;epitheli;2
1648;choos;2
1649;guidanc;2
1650;name;2
1651;disadvantag;2
1652;magnesium;2
1653;catalyt;2
1654;fulli;2
1655;conveni;2
1656;screw;2
1657;shorter;2
1658;arrang;2
1659;microscal;2
1660;viabl;2
1661;travel;2
1662;unstabl;2
1663;hydrodynam;2
1664;perturb;2
1665;interfac;2
1666;newton;2
1667;alter;2
1668;aip;2
1669;cloth;2
1670;catalysi;2
1671;gradual;2
1672;fewer;2
1673;framework;2
1674;spring;2
1675;stream;2
1676;bottl;2
1677;mono;2
1678;myriad;2
1679;contrast;2
1680;interfer;2
1681;broad;2
1682;toxic;2
1683;refer;2
1684;circular;2
1685;autom;2
1686;olanzapin;2
1687;olz;2
1688;prx;2
1689;supersatur;2
1690;surprisingli;2
1691;digit;2
1692;monodispers;2
1693;top;2
1694;suppress;2
1695;parallel;2
1696;technic;2
1697;ambient;2
1698;solidif;2
1699;nanofabr;2
1700;front;2
1701;driven;2
1702;note;2
1703;dens;2
1704;pluron;2
1705;keratinocyt;2
1706;grown;2
1707;pf;2
1708;forcespun;2
1709;bioabsorb;2
1710;nanocryst;2
1711;buffer;2
1712;quickli;2
1713;pollut;2
1714;save;2
1715;leaf;2
1716;easili;2
1717;meet;2
1718;discontinu;2
1719;cubic;2
1720;cylind;2
1721;synergist;2
1722;carbonac;2
1723;utilis;2
1724;perpendicular;2
1725;tangenti;2
1726;pressuris;2
1727;thermogravimetri;2
1728;peripher;2
1729;triterpenoid;2
1730;triaconten;2
1731;backbon;2
1732;target;2
1733;supramolecular;2
1734;evid;2
1735;consumpt;2
1736;hcl;2
1737;newli;2
1738;fecl;2
1739;elucid;2
1740;corn;2
1741;nio;2
1742;magnet;2
1743;ask;2
1744;myocardi;2
1745;biocatalyst;2
1746;inulin;2
1747;novozym;2
1748;chromatographi;2
1749;oligosaccharid;2
1750;contour;2
1751;radii;2
1752;qualit;2
1753;propag;2
1754;mn;2
1755;fuse;2
1756;diagram;2
1757;guidelin;2
1758;spp;2
1759;polyolefin;2
1760;agglomer;2
1761;categori;2
1762;plt;2
1763;intestin;2
1764;gastric;2
1765;bile;2
1766;zro;2
1767;stack;2
1768;domin;2
1769;finger;2
1770;po;2
1771;intermedi;2
1772;take;2
1773;nanocrystallin;2
1774;coo;2
1775;diffractomet;2
1776;aminopropyltriethoxysilan;2
1777;apt;2
1778;dopant;2
1779;dr;2
1780;molar;2
1781;largest;2
1782;spectral;2
1783;photoact;2
1784;arrow;2
1785;nu;2
1786;cone;2
1787;decalin;2
1788;sonic;2
1789;zrocl;2
1790;cooh;2
1791;pza;2
1792;mol;2
1793;pat;2
1794;vehicl;2
1795;zoc;2
1796;mole;2
1797;spatul;2
1798;reportedli;2
1799;damag;2
1800;constitu;2
1801;theta;2
1802;hydroxyethyl;2
1803;asymmetr;2
1804;comonom;2
1805;rice;2
1806;fumonisin;2
1807;lc;2
1808;friction;2
1809;od;2
1810;microhard;2
1811;cof;2
1812;ellipsoid;2
1813;equiaxi;2
1814;inhomogen;2
1815;neoter;1
1816;inlet;1
1817;conic;1
1818;pipe;1
1819;rais;1
1820;sulfit;1
1821;emphasi;1
1822;benefici;1
1823;effort;1
1824;calvaria;1
1825;postop;1
1826;western;1
1827;blot;1
1828;tricalcium;1
1829;oscil;1
1830;segment;1
1831;quantif;1
1832;particip;1
1833;inflamm;1
1834;collagenosi;1
1835;pullulan;1
1836;ccrd;1
1837;rsm;1
1838;dmso;1
1839;bacillu;1
1840;workabl;1
1841;dysfunct;1
1842;graphemn;1
1843;thermograph;1
1844;polydopamin;1
1845;want;1
1846;mussel;1
1847;maillard;1
1848;hdf;1
1849;gfp;1
1850;simplifi;1
1851;summari;1
1852;oxim;1
1853;exce;1
1854;uranyl;1
1855;accommod;1
1856;mabg;1
1857;carboxymethyl;1
1858;basi;1
1859;monomod;1
1860;paracrystallin;1
1861;log;1
1862;cfg;1
1863;vinylpyrrolidon;1
1864;galvanostat;1
1865;carbotherm;1
1866;vascular;1
1867;vessel;1
1868;cardiovascular;1
1869;umbil;1
1870;vein;1
1871;neomycin;1
1872;mobil;1
1873;onset;1
1874;insignific;1
1875;engross;1
1876;global;1
1877;salient;1
1878;hydroxi;1
1879;edx;1
1880;fitr;1
1881;haemocompat;1
1882;haemolysi;1
1883;hyperbranch;1
1884;till;1
1885;disappear;1
1886;portion;1
1887;cellpren;1
1888;lactid;1
1889;glycolid;1
1890;polyisopren;1
1891;unknown;1
1892;understood;1
1893;eta;1
1894;ultrathin;1
1895;ten;1
1896;pole;1
1897;kon;1
1898;plausibl;1
1899;explan;1
1900;depict;1
1901;disabl;1
1902;life;1
1903;tear;1
1904;intent;1
1905;vitrostudi;1
1906;fspcl;1
1907;espcl;1
1908;preconstruct;1
1909;toler;1
1910;positron;1
1911;annihil;1
1912;lifetim;1
1913;biosens;1
1914;outlin;1
1915;menstrual;1
1916;ovul;1
1917;post;1
1918;menopaus;1
1919;women;1
1920;receptor;1
1921;signal;1
1922;collater;1
1923;preferenti;1
1924;unexplor;1
1925;genistein;1
1926;ovariectom;1
1927;outperform;1
1928;cutan;1
1929;genet;1
1930;polyoxyethylen;1
1931;quantit;1
1932;vitiligo;1
1933;depigment;1
1934;halt;1
1935;immun;1
1936;option;1
1937;administr;1
1938;butyr;1
1939;rod;1
1940;dc;1
1941;accur;1
1942;cosmet;1
1943;http;1
1944;creativecommon;1
1945;org;1
1946;extractor;1
1947;freundlich;1
1948;satisfactori;1
1949;nontox;1
1950;firstli;1
1951;male;1
1952;clot;1
1953;euthan;1
1954;surgeri;1
1955;left;1
1956;submit;1
1957;biomechan;1
1958;avail;1
1959;posteriorli;1
1960;weaker;1
1961;keep;1
1962;naoh;1
1963;inhal;1
1964;inactiv;1
1965;denot;1
1966;plaqu;1
1967;bacteriaescherichia;1
1968;coliandstaphylococcu;1
1969;combat;1
1970;ofe;1
1971;coliand;1
1972;diisopropoxid;1
1973;impur;1
1974;stronger;1
1975;methylen;1
1976;blue;1
1977;curvilinear;1
1978;coordin;1
1979;move;1
1980;land;1
1981;assumpt;1
1982;trivial;1
1983;rhodamin;1
1984;dosimet;1
1985;phenylamino;1
1986;dipentylamino;1
1987;methylspiro;1
1988;xanthen;1
1989;phthalid;1
1990;fluoran;1
1991;leuco;1
1992;methoxystyryl;1
1993;trichloromethyl;1
1994;triazin;1
1995;mbtt;1
1996;photoacid;1
1997;gy;1
1998;apron;1
1999;yellow;1
2000;nutrient;1
2001;regulatori;1
2002;claim;1
2003;use;1
2004;thinfib;1
2005;sphere;1
2006;nanopartid;1
2007;swellabl;1
2008;potabl;1
2009;statu;1
2010;forthcom;1
2011;latest;1
2012;mb;1
2013;fibril;1
2014;osmosi;1
2015;ultrafiltr;1
2016;uf;1
2017;microfiltr;1
2018;nanofiltr;1
2019;overpow;1
2020;relev;1
2021;polytetrafluoroethylen;1
2022;ptfe;1
2023;polysulfid;1
2024;deterior;1
2025;except;1
2026;foam;1
2027;summar;1
2028;newcom;1
2029;document;1
2030;static;1
2031;scopu;1
2032;restrict;1
2033;king;1
2034;saud;1
2035;univers;1
2036;die;1
2037;conjunct;1
2038;roughli;1
2039;thermophys;1
2040;patent;1
2041;squar;1
2042;fourth;1
2043;rung;1
2044;kutta;1
2045;constantli;1
2046;pass;1
2047;talli;1
2048;suit;1
2049;whilst;1
2050;fluffier;1
2051;adopt;1
2052;vinylamin;1
2053;primari;1
2054;imprint;1
2055;polyelectrolyt;1
2056;coagul;1
2057;bisphenol;1
2058;endocrin;1
2059;disruptor;1
2060;dummi;1
2061;video;1
2062;instrument;1
2063;irj;1
2064;postprocess;1
2065;depth;1
2066;ingress;1
2067;granul;1
2068;neovascular;1
2069;reepitheli;1
2070;altogeth;1
2071;styren;1
2072;wit;1
2073;shini;1
2074;pathogen;1
2075;nanosensor;1
2076;underutil;1
2077;discoveri;1
2078;market;1
2079;biphenyl;1
2080;tetracarboxyl;1
2081;dianhydrid;1
2082;bpda;1
2083;phenylenediamin;1
2084;oxydianilin;1
2085;oda;1
2086;polyam;1
2087;imid;1
2088;epoxi;1
2089;calcul;1
2090;strongest;1
2091;ciprofloxacin;1
2092;tetrabutoxid;1
2093;propytrimethoxysilan;1
2094;ran;1
2095;ogan;1
2096;irrit;1
2097;mill;1
2098;insert;1
2099;iv;1
2100;butoxid;1
2101;carboxyl;1
2102;atr;1
2103;unchang;1
2104;sorbent;1
2105;urgent;1
2106;frequent;1
2107;occurr;1
2108;accid;1
2109;world;1
2110;superoleophil;1
2111;pump;1
2112;veget;1
2113;dimethylthiazol;1
2114;yl;1
2115;diphenyltetrazolium;1
2116;bromid;1
2117;ss;1
2118;hematit;1
2119;nonahydr;1
2120;antarct;1
2121;krill;1
2122;intramolecular;1
2123;annular;1
2124;ether;1
2125;valuabl;1
2126;macrostructur;1
2127;emul;1
2128;interpenetr;1
2129;syncret;1
2130;diversifi;1
2131;undul;1
2132;assum;1
2133;unlik;1
2134;ffi;1
2135;cult;1
2136;bandag;1
2137;sca;1
2138;ff;1
2139;obsolet;1
2140;phone;1
2141;lcd;1
2142;ethylhexyl;1
2143;hci;1
2144;acyl;1
2145;salmonella;1
2146;sp;1
2147;citru;1
2148;steril;1
2149;tempor;1
2150;slender;1
2151;fall;1
2152;acryl;1
2153;william;1
2154;landel;1
2155;ferri;1
2156;polyvinylepyrrolidon;1
2157;digim;1
2158;spss;1
2159;biofunction;1
2160;marker;1
2161;induct;1
2162;osteogenesi;1
2163;defici;1
2164;decor;1
2165;byproduct;1
2166;flower;1
2167;reactant;1
2168;junction;1
2169;colorless;1
2170;phenol;1
2171;appar;1
2172;surpass;1
2173;scaveng;1
2174;heterostructur;1
2175;wastewat;1
2176;briefli;1
2177;promin;1
2178;fade;1
2179;importantli;1
2180;extra;1
2181;nodul;1
2182;lamellar;1
2183;prototyp;1
2184;enrich;1
2185;hole;1
2186;exampl;1
2187;hairi;1
2188;reconstruct;1
2189;recogn;1
2190;bioresorb;1
2191;micrometr;1
2192;alamarblu;1
2193;bioprocess;1
2194;volumetr;1
2195;expans;1
2196;cow;1
2197;cook;1
2198;bovin;1
2199;aortic;1
2200;skelet;1
2201;myoblast;1
2202;immunohistochem;1
2203;engraft;1
2204;marrow;1
2205;thermocoagul;1
2206;cortic;1
2207;upregul;1
2208;cxcl;1
2209;injur;1
2210;ibuprofen;1
2211;ketoprofen;1
2212;glutaraldehyd;1
2213;hydroxid;1
2214;cinnamaldeyhd;1
2215;configur;1
2216;cinnamaldehyd;1
2217;count;1
2218;fluctuat;1
2219;noncytotox;1
2220;musculoskelet;1
2221;surgeon;1
2222;autolog;1
2223;patient;1
2224;allograft;1
2225;prone;1
2226;immunolog;1
2227;host;1
2228;reject;1
2229;airbrush;1
2230;microfibrillar;1
2231;gene;1
2232;pseudomona;1
2233;aeruginosa;1
2234;peptid;1
2235;beam;1
2236;notabl;1
2237;microcopi;1
2238;forcespinninga;1
2239;descript;1
2240;elovich;1
2241;aerospac;1
2242;countri;1
2243;methodcentrifug;1
2244;inop;1
2245;dispens;1
2246;surround;1
2247;heater;1
2248;weaken;1
2249;view;1
2250;pneumat;1
2251;delic;1
2252;grip;1
2253;elastom;1
2254;compliant;1
2255;lamina;1
2256;laser;1
2257;disc;1
2258;sugar;1
2259;insensit;1
2260;regard;1
2261;decay;1
2262;repetit;1
2263;enlighten;1
2264;multipli;1
2265;regress;1
2266;side;1
2267;garner;1
2268;zein;1
2269;dia;1
2270;refract;1
2271;blower;1
2272;spinnerett;1
2273;fetu;1
2274;biophys;1
2275;pro;1
2276;fibronectin;1
2277;believ;1
2278;untest;1
2279;fibrillogenesi;1
2280;appendag;1
2281;bioprotein;1
2282;paradigm;1
2283;waxd;1
2284;smoothest;1
2285;thermo;1
2286;widespread;1
2287;polyamid;1
2288;isopropoxid;1
2289;vinylalcohol;1
2290;attain;1
2291;histor;1
2292;herald;1
2293;moist;1
2294;plant;1
2295;hydrolys;1
2296;affirm;1
2297;formaldehyd;1
2298;inspect;1
2299;turbid;1
2300;manifest;1
2301;flame;1
2302;retard;1
2303;hope;1
2304;fitter;1
2305;round;1
2306;polyhedron;1
2307;burr;1
2308;public;1
2309;nanoyarn;1
2310;electrospn;1
2311;preserv;1
2312;molten;1
2313;accumul;1
2314;occas;1
2315;oc;1
2316;circumferenti;1
2317;wire;1
2318;anemomet;1
2319;auxiliari;1
2320;glycerol;1
2321;dexamethason;1
2322;stimulatori;1
2323;trabecul;1
2324;bigger;1
2325;academia;1
2326;contributor;1
2327;expens;1
2328;curl;1
2329;leaki;1
2330;prevail;1
2331;academ;1
2332;workstat;1
2333;continuum;1
2334;massless;1
2335;pib;1
2336;pb;1
2337;feedstock;1
2338;domest;1
2339;beadi;1
2340;wast;1
2341;multistep;1
2342;previous;1
2343;costli;1
2344;seamless;1
2345;capillar;1
2346;shield;1
2347;electromagnet;1
2348;modern;1
2349;ultrahigh;1
2350;silicagel;1
2351;fr;1
2352;pronounc;1
2353;ceas;1
2354;equival;1
2355;km;1
2356;minut;1
2357;elicit;1
2358;multiscal;1
2359;leaflet;1
2360;fibrosa;1
2361;semilunar;1
2362;invas;1
2363;deploy;1
2364;transap;1
2365;pulmonari;1
2366;ovin;1
2367;hygroscop;1
2368;deliber;1
2369;itraconazol;1
2370;month;1
2371;devitrif;1
2372;freshli;1
2373;risk;1
2374;coin;1
2375;pcr;1
2376;bioanalyt;1
2377;microreactor;1
2378;bench;1
2379;submerg;1
2380;dpcr;1
2381;contamin;1
2382;picolit;1
2383;lab;1
2384;suppli;1
2385;nonvolatil;1
2386;custom;1
2387;precipit;1
2388;ensur;1
2389;mer;1
2390;para;1
2391;aramid;1
2392;dna;1
2393;opposit;1
2394;immisc;1
2395;nanotextil;1
2396;evolv;1
2397;runner;1
2398;prefer;1
2399;belong;1
2400;bioactivemolecul;1
2401;regenerativemedicin;1
2402;topolog;1
2403;pivot;1
2404;intercellular;1
2405;deep;1
2406;tuneabl;1
2407;last;1
2408;butylen;1
2409;adip;1
2410;pbat;1
2411;account;1
2412;princip;1
2413;calf;1
2414;salin;1
2415;scarc;1
2416;gave;1
2417;stabli;1
2418;convect;1
2419;half;1
2420;ragwort;1
2421;lotu;1
2422;protrus;1
2423;imit;1
2424;slide;1
2425;suscept;1
2426;enzymat;1
2427;cultiv;1
2428;foster;1
2429;cartilag;1
2430;fulfil;1
2431;immobil;1
2432;nonfunction;1
2433;pm;1
2434;pack;1
2435;board;1
2436;highspe;1
2437;pair;1
2438;nonsolv;1
2439;slicon;1
2440;pori;1
2441;columb;1
2442;atact;1
2443;neutron;1
2444;bring;1
2445;grid;1
2446;stationari;1
2447;decompos;1
2448;proxim;1
2449;distal;1
2450;dissect;1
2451;centella;1
2452;asiatica;1
2453;substratum;1
2454;intern;1
2455;effluent;1
2456;dianix;1
2457;fractur;1
2458;crystallis;1
2459;brush;1
2460;branch;1
2461;interlock;1
2462;later;1
2463;benchmark;1
2464;figur;1
2465;granular;1
2466;steadili;1
2467;la;1
2468;polyest;1
2469;benzenetrisamid;1
2470;matter;1
2471;correspondingli;1
2472;split;1
2473;issu;1
2474;biopharmaceut;1
2475;classif;1
2476;monolith;1
2477;glassi;1
2478;calorimetr;1
2479;polyhedr;1
2480;oligomer;1
2481;silsesquioxan;1
2482;nanofil;1
2483;monomer;1
2484;thermomechan;1
2485;harsh;1
2486;sncl;1
2487;gase;1
2488;exceed;1
2489;acetylen;1
2490;fragil;1
2491;intuit;1
2492;breadth;1
2493;photocur;1
2494;poroussn;1
2495;inert;1
2496;wavelength;1
2497;colorimetri;1
2498;rheomet;1
2499;potato;1
2500;crown;1
2501;carbonis;1
2502;concurr;1
2503;hrtem;1
2504;ferromagnet;1
2505;congo;1
2506;biochemistri;1
2507;instruct;1
2508;clarifi;1
2509;encourag;1
2510;genesi;1
2511;fidel;1
2512;cardiac;1
2513;question;1
2514;tabul;1
2515;valvular;1
2516;anatomi;1
2517;physiolog;1
2518;feed;1
2519;macro;1
2520;meter;1
2521;obvert;1
2522;spectrometri;1
2523;ig;1
2524;fructooligosaccharid;1
2525;sc;1
2526;inulooligosaccharid;1
2527;hydrolysi;1
2528;endoinulinas;1
2529;aspergillu;1
2530;niger;1
2531;inulinas;1
2532;immobilis;1
2533;exchang;1
2534;rezex;1
2535;rso;1
2536;column;1
2537;biocatalyt;1
2538;reactor;1
2539;interparticl;1
2540;demension;1
2541;polybuten;1
2542;polyisobutylen;1
2543;hoop;1
2544;fene;1
2545;llc;1
2546;quartz;1
2547;avomet;1
2548;lumin;1
2549;colorimet;1
2550;photoelectr;1
2551;omega;1
2552;transmitt;1
2553;laid;1
2554;underli;1
2555;timescal;1
2556;interplay;1
2557;window;1
2558;adapt;1
2559;octadecyl;1
2560;montmorillonit;1
2561;antifung;1
2562;candida;1
2563;fungal;1
2564;microorgan;1
2565;packag;1
2566;preceram;1
2567;polyvynilpyrolidon;1
2568;pyrolys;1
2569;sioc;1
2570;techna;1
2571;polymethylmethacryl;1
2572;lifepo;1
2573;radiat;1
2574;bubbl;1
2575;push;1
2576;drum;1
2577;deflect;1
2578;thicker;1
2579;skill;1
2580;airflow;1
2581;navier;1
2582;stoke;1
2583;fairli;1
2584;electrocentrifug;1
2585;lain;1
2586;de;1
2587;lastli;1
2588;micron;1
2589;arsen;1
2590;simpli;1
2591;confin;1
2592;neuron;1
2593;neurit;1
2594;wider;1
2595;unclear;1
2596;fibroin;1
2597;secondari;1
2598;fesem;1
2599;fir;1
2600;wxad;1
2601;opm;1
2602;coil;1
2603;thermost;1
2604;trombocyt;1
2605;fluoresc;1
2606;microb;1
2607;gastro;1
2608;tract;1
2609;consum;1
2610;yeast;1
2611;saccharomyc;1
2612;boulardii;1
2613;lactobacillu;1
2614;bifidobacterium;1
2615;biopolymer;1
2616;bell;1
2617;polyvinylalcohol;1
2618;suspend;1
2619;surviv;1
2620;incub;1
2621;shorten;1
2622;tzp;1
2623;colloid;1
2624;notic;1
2625;pseudoplast;1
2626;flake;1
2627;facet;1
2628;bioi;1
2629;accord;1
2630;neck;1
2631;phi;1
2632;accomplish;1
2633;dicalcium;1
2634;dichlorid;1
2635;hpo;1
2636;pyrophosph;1
2637;neglig;1
2638;inconsist;1
2639;precis;1
2640;marin;1
2641;harm;1
2642;handspin;1
2643;star;1
2644;viewpoint;1
2645;idea;1
2646;scope;1
2647;effortlessli;1
2648;aminopropyltrimethoxysilan;1
2649;aptm;1
2650;aminoethyl;1
2651;aeapt;1
2652;delay;1
2653;brunauer;1
2654;emmett;1
2655;teller;1
2656;azo;1
2657;enorm;1
2658;pe;1
2659;ohnesorg;1
2660;similarli;1
2661;polycarbon;1
2662;coax;1
2663;behav;1
2664;space;1
2665;microenvironment;1
2666;reason;1
2667;infinit;1
2668;arbitrari;1
2669;criterion;1
2670;converg;1
2671;plane;1
2672;map;1
2673;twin;1
2674;forcespinn;1
2675;incid;1
2676;nonion;1
2677;triton;1
2678;trend;1
2679;counterpart;1
2680;citric;1
2681;organozinc;1
2682;multinuclear;1
2683;fire;1
2684;schedul;1
2685;kj;1
2686;overview;1
2687;compressor;1
2688;proof;1
2689;admix;1
2690;polydispers;1
2691;incompat;1
2692;box;1
2693;benkhen;1
2694;kg;1
2695;tetrachlorid;1
2696;ticl;1
2697;acetylacetonatotitanium;1
2698;nuclear;1
2699;resolut;1
2700;defer;1
2701;medic;1
2702;tetracyclin;1
2703;evenli;1
2704;zr;1
2705;react;1
2706;polyzirconium;1
2707;apparatu;1
2708;slower;1
2709;span;1
2710;transistor;1
2711;propel;1
2712;complement;1
2713;analyt;1
2714;doi;1
2715;floss;1
2716;john;1
2717;son;1
2718;nucleat;1
2719;void;1
2720;vac;1
2721;vestor;1
2722;corp;1
2723;louisvil;1
2724;ky;1
2725;bowl;1
2726;cadco;1
2727;oxnard;1
2728;turbomax;1
2729;dentspli;1
2730;raintre;1
2731;essex;1
2732;sarasota;1
2733;fl;1
2734;nondestruct;1
2735;microtomograph;1
2736;microtomographi;1
2737;proprietari;1
2738;kruskal;1
2739;walli;1
2740;anova;1
2741;mann;1
2742;whitney;1
2743;neonat;1
2744;ventricular;1
2745;cardiomyocyt;1
2746;myocyt;1
2747;cytoskeleton;1
2748;beat;1
2749;multicellular;1
2750;laminar;1
2751;titania;1
2752;solar;1
2753;worthwhil;1
2754;mention;1
2755;hydrolyt;1
2756;physiochem;1
2757;exert;1
2758;esterif;1
2759;polysaccharid;1
2760;yttrium;1
2761;garnet;1
2762;exotherm;1
2763;raleigh;1
2764;laplac;1
2765;begin;1
2766;constitut;1
2767;biopolyest;1
2768;hvdroxvbutvr;1
2769;hvdrolyt;1
2770;markedli;1
2771;puriti;1
2772;exer;1
2773;mark;1
2774;proceed;1
2775;eros;1
2776;accompani;1
2777;collaps;1
2778;contract;1
2779;oder;1
2780;meso;1
2781;run;1
2782;rnesopor;1
2783;isotrop;1
2784;coal;1
2785;pitch;1
2786;cubr;1
2787;microanalysi;1
2788;epala;1
2789;turn;1
2790;redox;1
2791;young;1
2792;macropor;1
2793;spong;1
2794;vitamin;1
2795;kd;1
2796;dextran;1
2797;hold;1
2798;piec;1
2799;inter;1
2800;cohes;1
2801;destruct;1
2802;disrupt;1
2803;undertaken;1
2804;impuls;1
2805;puls;1
2806;fusarium;1
2807;moniliform;1
2808;mrc;1
2809;mycotoxin;1
2810;rcm;1
2811;pyridin;1
2812;redissolv;1
2813;aliquot;1
2814;wash;1
2815;lubrici;1
2816;piston;1
2817;unlubr;1
2818;tic;1
2819;wear;1
2820;boron;1
2821;bn;1
2822;mum;1
2823;antifoul;1
2824;pigment;1
2825;steel;1
2826;microprob;1
2827;scali;1
2828;spheric;1
2829;unevenli;1
2830;monoton;1
2831;cool;1
2832;cr;1
